<?xml version="1.0" encoding="UTF-8"?>
<beans xmlns="http://www.springframework.org/schema/beans"
    xmlns:xsi="http://www.w3.org/2001/XMLSchema-instance"
    xmlns:context="http://www.springframework.org/schema/context"
    xsi:schemaLocation="http://www.springframework.org/schema/beans 
    http://www.springframework.org/schema/beans/spring-beans.xsd
    http://www.springframework.org/schema/context 
    http://www.springframework.org/schema/context/spring-context.xsd">
    
    
		<bean class="com.springcore.ref.B" name="b">
		<property name="y" value="65"/>
		</bean>
		
		<bean class="com.springcore.ref.A" name="a">
		<property name="x" value="751"/>
		<property name="obj">
		<ref bean="b"/>
		</property>
		</bean>

    </beans>