<?xml version="1.0" encoding="UTF-8"?>
<beans xmlns="http://www.springframework.org/schema/beans"
    xmlns:xsi="http://www.w3.org/2001/XMLSchema-instance"
    xmlns:context="http://www.springframework.org/schema/context"
    xsi:schemaLocation="http://www.springframework.org/schema/beans 
    http://www.springframework.org/schema/beans/spring-beans.xsd
    http://www.springframework.org/schema/context 
    http://www.springframework.org/schema/context/spring-context.xsd">
    
    <bean class="com.springcore.collection.Emp" name="e1">
    <property name="name" value="Radhe"/>
    <property name="phones">
    
    <list>
    <value>9685746352</value>
    <value>9685746352</value>
    <value>9685746352</value>
    <value>9685746352</value>
    <null/>
    </list>
    
    </property>
    
    <property name="address">
    
    <set>
    
    <value>Delhi</value>
    <value>Jaipur</value>
    <value>Mumbai</value>
    <value>Jammu</value>
    
    </set>
    
    </property>
    
    <property name="coures" >
    <map>
    
    <entry key="Java" value="3 Months"/>
    <entry key="Python" value="1 Months"/>
    <entry key="PHP" value="2 Months"/>
    
    </map>
    </property>
		
    </bean>
    </beans>